"code","kind","source_code","source_name"
"hgyr","unit","harm","Workshop"
"hmtm","unit","harm","Workshop"
"hmtt","unit","harm","Workshop"
"hrtt","unit","harm","Workshop"
"hmpr","unit","hars","Arcane Sanctum"
"hsor","unit","hars","Arcane Sanctum"
"hspt","unit","hars","Arcane Sanctum"
"hfoo","unit","hbar","Barracks"
"hkni","unit","hbar","Barracks"
"hrif","unit","hbar","Barracks"
"hdhw","unit","hgra","Gryphon Aviary"
"hgry","unit","hgra","Gryphon Aviary"
"hpea","unit","htow","Town Hall"
"ocat","unit","obar","Barracks"
"ogru","unit","obar","Barracks"
"ohun","unit","obar","Barracks"
"otbk","unit","obar","Barracks"
"okod","unit","obea","Beastiary"
"orai","unit","obea","Beastiary"
"otbr","unit","obea","Beastiary"
"owyv","unit","obea","Beastiary"
"opeo","unit","ogre","Great Hall"
"odoc","unit","osld","Spirit Lodge"
"oshm","unit","osld","Spirit Lodge"
"ospm","unit","otto","Tauren Totem"
"otau","unit","otto","Tauren Totem"
"edoc","unit","eaoe","Ancient of Lore"
"edry","unit","eaoe","Ancient of Lore"
"emtg","unit","eaoe","Ancient of Lore"
"earc","unit","eaom","Ancient of War"
"ebal","unit","eaom","Ancient of War"
"esen","unit","eaom","Ancient of War"
"edot","unit","eaow","Ancient of Wind"
"efdr","unit","eaow","Ancient of Wind"
"ehip","unit","eaow","Ancient of Wind"
"echm","unit","edos","Chimaera Roost"
"ewsp","unit","etol","Tree of Life"
"ufro","unit","ubon","Boneyard"
"uaco","unit","unpl","Necropolis"
"ushd","unit","usap","Sacrificial Pit"
"ucry","unit","usep","Crypt"
"ugar","unit","usep","Crypt"
"ugho","unit","usep","Crypt"
"uabo","unit","uslh","Slaughterhouse"
"umtw","unit","uslh","Slaughterhouse"
"uobs","unit","uslh","Slaughterhouse"
"uban","unit","utod","Temple of the Damned"
"unec","unit","utod","Temple of the Damned"
"ngir","hired","ngad","Goblin Laboratory"
"ngsp","hired","ngad","Goblin Laboratory"
"nzep","hired","ngad","Goblin Laboratory"
"nanm","hired","nmer","Mercenary Camp"
"ndtb","hired","nmer","Mercenary Camp"
"ndtp","hired","nmer","Mercenary Camp"
"nfsp","hired","nmer","Mercenary Camp"
"nftb","hired","nmer","Mercenary Camp"
"ngnb","hired","nmer","Mercenary Camp"
"ngnw","hired","nmer","Mercenary Camp"
"ngrk","hired","nmer","Mercenary Camp"
"nits","hired","nmer","Mercenary Camp"
"nogm","hired","nmer","Mercenary Camp"
"nomg","hired","nmer","Mercenary Camp"
"Rhfc","upgrade","harm","Workshop"
"Rhfl","upgrade","harm","Workshop"
"Rhfs","upgrade","harm","Workshop"
"Rhgb","upgrade","harm","Workshop"
"Rhrt","upgrade","harm","Workshop"
"Rhpt","upgrade","hars","Arcane Sanctum"
"Rhse","upgrade","hars","Arcane Sanctum"
"Rhss","upgrade","hars","Arcane Sanctum"
"Rhst","upgrade","hars","Arcane Sanctum"
"Rhan","upgrade","hbar","Barracks"
"Rhde","upgrade","hbar","Barracks"
"Rhri","upgrade","hbar","Barracks"
"Rhar","upgrade","hbla","Blacksmith"
"Rhla","upgrade","hbla","Blacksmith"
"Rhme","upgrade","hbla","Blacksmith"
"Rhra","upgrade","hbla","Blacksmith"
"Rhcd","upgrade","hgra","Gryphon Aviary"
"Rhhb","upgrade","hgra","Gryphon Aviary"
"Rhac","upgrade","hlum","Lumber Mill"
"Rhlh","upgrade","hlum","Lumber Mill"
"Rhpm","upgrade","htow","Town Hall"
"Robf","upgrade","obar","Barracks"
"Robk","upgrade","obar","Barracks"
"Robs","upgrade","obar","Barracks"
"Rotr","upgrade","obar","Barracks"
"Roen","upgrade","obea","Beastiary"
"Rolf","upgrade","obea","Beastiary"
"Rovs","upgrade","obea","Beastiary"
"Roar","upgrade","ofor","War Mill"
"Rome","upgrade","ofor","War Mill"
"Rora","upgrade","ofor","War Mill"
"Rorb","upgrade","ofor","War Mill"
"Rosp","upgrade","ofor","War Mill"
"Ropg","upgrade","ogre","Great Hall"
"Ropm","upgrade","ogre","Great Hall"
"Rwdm","upgrade","ogre","Great Hall"
"Rost","upgrade","osld","Spirit Lodge"
"Rowd","upgrade","osld","Spirit Lodge"
"Rows","upgrade","otto","Tauren Totem"
"Rowt","upgrade","otto","Tauren Totem"
"Redc","upgrade","eaoe","Ancient of Lore"
"Reeb","upgrade","eaoe","Ancient of Lore"
"Rehs","upgrade","eaoe","Ancient of Lore"
"Rers","upgrade","eaoe","Ancient of Lore"
"Resi","upgrade","eaoe","Ancient of Lore"
"Reib","upgrade","eaom","Ancient of War"
"Remg","upgrade","eaom","Ancient of War"
"Remk","upgrade","eaom","Ancient of War"
"Repb","upgrade","eaom","Ancient of War"
"Resc","upgrade","eaom","Ancient of War"
"Redt","upgrade","eaow","Ancient of Wind"
"Reec","upgrade","eaow","Ancient of Wind"
"Rema","upgrade","edob","Hunter's Hall"
"Rerh","upgrade","edob","Hunter's Hall"
"Resm","upgrade","edob","Hunter's Hall"
"Resw","upgrade","edob","Hunter's Hall"
"Reuv","upgrade","edob","Hunter's Hall"
"Rews","upgrade","edob","Hunter's Hall"
"Recb","upgrade","edos","Chimaera Roost"
"Renb","upgrade","etol","Tree of Life"
"Repm","upgrade","etol","Tree of Life"
"Rufb","upgrade","ubon","Boneyard"
"Ruar","upgrade","ugrv","Graveyard"
"Rucr","upgrade","ugrv","Graveyard"
"Rume","upgrade","ugrv","Graveyard"
"Rura","upgrade","ugrv","Graveyard"
"Rupm","upgrade","unpl","Necropolis"
"Ruac","upgrade","usep","Crypt"
"Rubu","upgrade","usep","Crypt"
"Rugf","upgrade","usep","Crypt"
"Rusf","upgrade","usep","Crypt"
"Ruwb","upgrade","usep","Crypt"
"Ruex","upgrade","uslh","Slaughterhouse"
"Rupc","upgrade","uslh","Slaughterhouse"
"Rusp","upgrade","uslh","Slaughterhouse"
"Ruba","upgrade","utod","Temple of the Damned"
"Rune","upgrade","utod","Temple of the Damned"
"Rusm","upgrade","utod","Temple of the Damned"
"Hamg","hero","halt","Altar of Kings"
"Hblm","hero","halt","Altar of Kings"
"Hmkg","hero","halt","Altar of Kings"
"Hpal","hero","halt","Altar of Kings"
"Obla","hero","oalt","Altar of Storms"
"Ofar","hero","oalt","Altar of Storms"
"Oshd","hero","oalt","Altar of Storms"
"Otch","hero","oalt","Altar of Storms"
"Edem","hero","eate","Altar of Elders"
"Ekee","hero","eate","Altar of Elders"
"Emoo","hero","eate","Altar of Elders"
"Ewar","hero","eate","Altar of Elders"
"Ucrl","hero","uaod","Altar of Darkness"
"Udea","hero","uaod","Altar of Darkness"
"Udre","hero","uaod","Altar of Darkness"
"Ulic","hero","uaod","Altar of Darkness"
"Nalc","hero","ntav","Tavern"
"Nbrn","hero","ntav","Tavern"
"Nbst","hero","ntav","Tavern"
"Nfir","hero","ntav","Tavern"
"Nngs","hero","ntav","Tavern"
"Npbm","hero","ntav","Tavern"
"Nplh","hero","ntav","Tavern"
"Ntin","hero","ntav","Tavern"
"mcri","item","hvlt","Arcane Vault"
"oslo","item","hvlt","Arcane Vault"
"plcl","item","hvlt","Arcane Vault"
"sreg","item","hvlt","Arcane Vault"
"ssan","item","hvlt","Arcane Vault"
"tsct","item","hvlt","Arcane Vault"
"hslv","item","ovln","Voodoo Lounge"
"oli2","item","ovln","Voodoo Lounge"
"plcl","item","ovln","Voodoo Lounge"
"shas","item","ovln","Voodoo Lounge"
"tgrh","item","ovln","Voodoo Lounge"
"moon","item","eden","Ancient of Wonders"
"oven","item","eden","Ancient of Wonders"
"pams","item","eden","Ancient of Wonders"
"plcl","item","eden","Ancient of Wonders"
"spre","item","eden","Ancient of Wonders"
"ocor","item","utom","Tomb of Relics"
"rnec","item","utom","Tomb of Relics"
"skul","item","utom","Tomb of Relics"
"wneg","item","utom","Tomb of Relics"
"bspd","item","ngme","Goblin Merchant"
"cnob","item","ngme","Goblin Merchant"
"dust","item","ngme","Goblin Merchant"
"phea","item","ngme","Goblin Merchant"
"pinv","item","ngme","Goblin Merchant"
"pman","item","ngme","Goblin Merchant"
"pnvl","item","ngme","Goblin Merchant"
"shea","item","ngme","Goblin Merchant"
"spro","item","ngme","Goblin Merchant"
"stel","item","ngme","Goblin Merchant"
"stwp","item","ngme","Goblin Merchant"
"tret","item","ngme","Goblin Merchant"
"afac","item","nmrk","Marketplace"
"ajen","item","nmrk","Marketplace"
"bgst","item","nmrk","Marketplace"
"brac","item","nmrk","Marketplace"
"ciri","item","nmrk","Marketplace"
"crys","item","nmrk","Marketplace"
"evtl","item","nmrk","Marketplace"
"gcel","item","nmrk","Marketplace"
"hlst","item","nmrk","Marketplace"
"lhst","item","nmrk","Marketplace"
"penr","item","nmrk","Marketplace"
"pghe","item","nmrk","Marketplace"
"pgma","item","nmrk","Marketplace"
"pnvu","item","nmrk","Marketplace"
"prvt","item","nmrk","Marketplace"
"rag1","item","nmrk","Marketplace"
"ram3","item","nmrk","Marketplace"
"rat6","item","nmrk","Marketplace"
"rat9","item","nmrk","Marketplace"
"ratc","item","nmrk","Marketplace"
"rde2","item","nmrk","Marketplace"
"rde4","item","nmrk","Marketplace"
"rej3","item","nmrk","Marketplace"
"rin1","item","nmrk","Marketplace"
"rlif","item","nmrk","Marketplace"
"rnsp","item","nmrk","Marketplace"
"rst1","item","nmrk","Marketplace"
"rwiz","item","nmrk","Marketplace"
"sbch","item","nmrk","Marketplace"
"sror","item","nmrk","Marketplace"
"whwd","item","nmrk","Marketplace"
"will","item","nmrk","Marketplace"
