map,slot,x,y,source
Autumn Leaves 2.0,0,-2176,-4672,map file
Autumn Leaves 2.0,1,2176,4672,map file
Echo Isles 2.2,0,-5184,4480,map file
Echo Isles 2.2,1,4672,4480,map file
Fading Autumn 1.3,0,-3584,-3776,map file
Fading Autumn 1.3,1,3584,3264,map file
Hammerfall,0,-3904,3328,map file
Hammerfall,1,3904,-3840,map file
Last Refuge 1.5,0,-3904,-3968,map file
Last Refuge 1.5,1,3840,3328,map file
Northern Isles 1.3,0,-2752,-3328,map file
Northern Isles 1.3,1,6848,3328,map file
Scrimmage 1.1,0,-5184,-2944,map file
Scrimmage 1.1,1,5184,2944,map file
Shallow Grave 1.5,0,6528,-1344,map file
Shallow Grave 1.5,1,-384,6464,map file
Springtime 1.4,0,-4224,2496,map file
Springtime 1.4,1,4224,-2496,map file
Tidehunters 1.2,0,-3904,2880,map file
Tidehunters 1.2,1,2880,-3904,map file
Turtle Rock 2.0,0,5376,-2112,map file
Turtle Rock 2.0,1,2624,-5248,map file
Turtle Rock 2.0,2,-5248,1600,map file
Turtle Rock 2.0,3,-2112,4608,map file
Twisted Meadows 1.9,0,-4672,-3840,map file
Twisted Meadows 1.9,1,-3584,4480,map file
Twisted Meadows 1.9,2,4672,3456,map file
Twisted Meadows 1.9,3,3712,-5056,map file
Boulder Vale 1.7,0,-3640,-3240,cluster
Boulder Vale 1.7,1,3848,2960,cluster
Concealed Hill,0,2271,3799,cluster
Concealed Hill,1,-2416,-4378,cluster
Northern Isles,0,-2604,-3114,cluster
Northern Isles,1,6740,3081,cluster
Springtime 1.3,0,-3948,2623,cluster
Springtime 1.3,1,3831,-2587,cluster
